,sepal_length,sepal_width,petal_length,petal_width
min,-1.863780296269519,-2.4258204175780502,-1.56234224225535,-1.4422448248100475
median,-0.05233076425810914,-0.1315388120502617,0.3353540998604649,0.13206729444894824
max,2.4836985805578653,3.080455435688643,1.7798692259486224,1.706379413707944
mean,-1.457167719820518e-15,-1.6383191100051893e-15,-1.2922996006636823e-15,-5.543713636294948e-16
var,1.000000000000001,1.0000000000000007,0.9999999999999989,0.9999999999999994
std,1.0000000000000004,1.0000000000000002,0.9999999999999994,0.9999999999999997
