,sepal_length,sepal_width,petal_length,petal_width
sepal_length,1.0,-0.11756978413300088,0.8717537758865838,0.8179411262715758
sepal_width,-0.11756978413300088,1.0,-0.42844010433053864,-0.3661259325364377
petal_length,0.8717537758865838,-0.42844010433053864,1.0,0.962865431402796
petal_width,0.8179411262715758,-0.3661259325364377,0.962865431402796,1.0
