,property_a,property_b,raw_material_1,raw_material_2,raw_material_3,temperature,time
property_a,1.0,0.11990362402992465,-0.8933305695741514,-0.2365763056211776,0.954257494450555,0.052834351653368285,-0.2308610607706494
property_b,0.11990362402992465,1.0,-0.5369624534442957,0.6503139599772128,0.29541579483572045,0.1500051968088718,-0.027338245029846837
raw_material_1,-0.8933305695741514,-0.5369624534442957,1.0,-0.10854197117649897,-0.9371521589123935,-0.09533485968575113,0.22476825149347712
raw_material_2,-0.2365763056211776,0.6503139599772128,-0.10854197117649897,1.0,-0.2451391384978809,0.030915651652701475,-0.18533469027794547
raw_material_3,0.954257494450555,0.29541579483572045,-0.9371521589123935,-0.2451391384978809,1.0,0.08212407494662347,-0.15415370572138237
temperature,0.052834351653368285,0.1500051968088718,-0.09533485968575113,0.030915651652701475,0.08212407494662347,1.0,0.49940100105347274
time,-0.2308610607706494,-0.027338245029846837,0.22476825149347712,-0.18533469027794547,-0.15415370572138237,0.49940100105347274,1.0
